{
  "path": "assets\\maps\\north belgium 1942_result.png",
  "name": "My Animation",
  "countries": [
    "assets\\flags\\bgflag.png",
    "assets\\flags\\frflag.png",
    "assets\\flags\\naziflag.png"
  ],
  "units": [
    {
      "position": {
        "x": 4222.8423,
        "y": 3460.8418
      },
      "initTime": 200,
      "image": "assets\\flags\\bgflag.png",
      "xPosition": {
        "setPoints": {
          "200.0": 4222.84228515625,
          "400.0": 4836.1435546875,
          "600.0": 5273.12109375,
          "800.0": 7649.66455078125
        }
      },
      "yPosition": {
        "setPoints": {
          "200.0": 3460.841796875,
          "400.0": 3184.85595703125,
          "600.0": 3832.65576171875,
          "800.0": 3905.4853515625
        }
      },
      "name": null,
      "type": "infantry",
      "size": "XX",
      "width": 33.41452,
      "height": 33.41452,
      "death": null,
      "alpha": 1.0,
      "screenPosition": {
        "x": 906.11475,
        "y": 577.38965
      }
    }
  ],
  "camera": {
    "position": {
      "x": 4389.191,
      "y": 3345.4177
    },
    "zoom": 0.3239315,
    "initTime": 0,
    "xPosition": {
      "setPoints": {
        "0.0": 5168.3134765625,
        "200.0": 4389.19091796875,
        "400.0": 4744.37451171875,
        "600.0": 5464.55615234375,
        "800.0": 7468.794921875
      }
    },
    "yPosition": {
      "setPoints": {
        "0.0": 3310.374755859375,
        "200.0": 3345.417724609375,
        "400.0": 3055.261474609375,
        "600.0": 3585.914794921875,
        "800.0": 3794.3857421875
      }
    },
    "zoomInterpolator": {
      "setPoints": {
        "0.0": 0.14168456196784973,
        "200.0": 0.323931485414505,
        "400.0": 0.5276500582695007,
        "600.0": 0.5276500582695007,
        "800.0": 0.6734299659729004
      }
    }
  },
  "lines": [
    {
      "id": 1,
      "nodes": [
        {
          "position": {
            "x": 4376.1675,
            "y": 4135.4736
          },
          "initTime": 200,
          "color": {
            "r": 0.0,
            "g": 1.0,
            "b": 0.0,
            "a": 1.0
          },
          "xPosition": {
            "setPoints": {
              "200.0": 4376.16748046875
            }
          },
          "yPosition": {
            "setPoints": {
              "200.0": 4135.4736328125
            }
          },
          "death": null,
          "alpha": 1.0,
          "screenPosition": {
            "x": 955.78125,
            "y": 795.9241
          }
        },
        {
          "position": {
            "x": 4479.662,
            "y": 3924.6511
          },
          "initTime": 200,
          "color": {
            "r": 0.0,
            "g": 1.0,
            "b": 0.0,
            "a": 1.0
          },
          "xPosition": {
            "setPoints": {
              "200.0": 4479.662109375,
              "400.0": 4728.81591796875,
              "600.0": 5177.29248046875,
              "800.0": 6561.05419921875
            }
          },
          "yPosition": {
            "setPoints": {
              "200.0": 3924.651123046875,
              "400.0": 3338.181396484375,
              "600.0": 3943.81689453125,
              "800.0": 4254.30078125
            }
          },
          "death": null,
          "alpha": 1.0,
          "screenPosition": {
            "x": 989.30664,
            "y": 727.6321
          }
        },
        {
          "position": {
            "x": 4667.486,
            "y": 3621.8335
          },
          "initTime": 200,
          "color": {
            "r": 0.0,
            "g": 1.0,
            "b": 0.0,
            "a": 1.0
          },
          "xPosition": {
            "setPoints": {
              "200.0": 4667.48583984375,
              "400.0": 4897.4736328125,
              "600.0": 5349.78369140625,
              "800.0": 7684.1630859375
            }
          },
          "yPosition": {
            "setPoints": {
              "200.0": 3621.83349609375,
              "400.0": 3303.683349609375,
              "600.0": 3974.48193359375,
              "800.0": 4008.97998046875
            }
          },
          "death": null,
          "alpha": 1.0,
          "screenPosition": {
            "x": 1050.1484,
            "y": 629.5398
          }
        },
        {
          "position": {
            "x": 4721.1494,
            "y": 3284.5176
          },
          "initTime": 200,
          "color": {
            "r": 0.0,
            "g": 1.0,
            "b": 0.0,
            "a": 1.0
          },
          "xPosition": {
            "setPoints": {
              "200.0": 4721.1494140625,
              "400.0": 4954.970703125,
              "600.0": 5395.78125,
              "800.0": 7841.3212890625
            }
          },
          "yPosition": {
            "setPoints": {
              "200.0": 3284.517578125,
              "400.0": 3089.027587890625,
              "600.0": 3817.3232421875,
              "800.0": 3886.31982421875
            }
          },
          "death": null,
          "alpha": 1.0,
          "screenPosition": {
            "x": 1067.5317,
            "y": 520.2727
          }
        },
        {
          "position": {
            "x": 4629.1543,
            "y": 2958.7012
          },
          "initTime": 200,
          "color": {
            "r": 0.0,
            "g": 1.0,
            "b": 0.0,
            "a": 1.0
          },
          "xPosition": {
            "setPoints": {
              "200.0": 4629.154296875,
              "400.0": 4931.97216796875,
              "800.0": 7496.33935546875
            }
          },
          "yPosition": {
            "setPoints": {
              "200.0": 2958.701171875,
              "400.0": 2824.541259765625,
              "800.0": 2935.7021484375
            }
          },
          "death": null,
          "alpha": 1.0,
          "screenPosition": {
            "x": 1037.7319,
            "y": 414.73047
          }
        },
        {
          "position": {
            "x": 4529.4927,
            "y": 2617.552
          },
          "initTime": 200,
          "color": {
            "r": 0.0,
            "g": 1.0,
            "b": 0.0,
            "a": 1.0
          },
          "xPosition": {
            "setPoints": {
              "200.0": 4529.49267578125
            }
          },
          "yPosition": {
            "setPoints": {
              "200.0": 2617.552001953125
            }
          },
          "death": null,
          "alpha": 1.0,
          "screenPosition": {
            "x": 1005.44824,
            "y": 304.22144
          }
        },
        {
          "position": {
            "x": 4081.016,
            "y": 2491.0586
          },
          "initTime": 200,
          "color": {
            "r": 0.0,
            "g": 1.0,
            "b": 0.0,
            "a": 1.0
          },
          "xPosition": {
            "setPoints": {
              "200.0": 4081.01611328125
            }
          },
          "yPosition": {
            "setPoints": {
              "200.0": 2491.05859375
            }
          },
          "death": null,
          "alpha": 1.0,
          "screenPosition": {
            "x": 860.17236,
            "y": 263.24634
          }
        },
        {
          "position": {
            "x": 3678.5369,
            "y": 2870.539
          },
          "initTime": 200,
          "color": {
            "r": 0.0,
            "g": 1.0,
            "b": 0.0,
            "a": 1.0
          },
          "xPosition": {
            "setPoints": {
              "200.0": 3678.536865234375
            }
          },
          "yPosition": {
            "setPoints": {
              "200.0": 2870.5390625
            }
          },
          "death": null,
          "alpha": 1.0,
          "screenPosition": {
            "x": 729.7969,
            "y": 386.17188
          }
        }
      ],
      "lineThickness": 5.0,
      "color": "RED",