{
  "path": "assets\\maps\\north belgium 1942_result.png",
  "name": "My Animation",
  "countries": [
    "assets\\flags\\bgflag.png",
    "assets\\flags\\frflag.png",
    "assets\\flags\\naziflag.png"
  ],
  "units": [
    {
      "position": {
        "x": 7649.6646,
        "y": 3905.4854
      },
      "initTime": 200,
      "image": "assets\\flags\\bgflag.png",
      "xInterpolator": {
        "setPoints": {
          "200.0": 7649.66455078125
        }
      },
      "yInterpolator": {
        "setPoints": {
          "200.0": 3905.4853515625
        }
      },
      "name": null,
      "type": "infantry",
      "size": "XX",
      "width": 33.41452,
      "height": 33.41452,
      "death": null,
      "alpha": 1.0,
      "screenPosition": {
        "x": 1018.58984,
        "y": 575.9888
      }
    }
  ],
  "camera": {
    "position": {
      "x": 7468.795,
      "y": 3794.3857
    },
    "zoom": 0.3239315,
    "initTime": 0,
    "xInterpolator": {
      "setPoints": {
        "0.0": 7468.794921875
      }
    },
    "yInterpolator": {
      "setPoints": {
        "0.0": 3794.3857421875
      }
    },
    "zoomInterpolator": {
      "setPoints": {
        "0.0": 0.14168456196784973,
        "200.0": 0.323931485414505,
        "400.0": 0.5276500582695007,
        "600.0": 0.5276500582695007,
        "800.0": 0.6734299659729004
      }
    },
    "death": null,
    "alpha": 0.0,
    "screenPosition": null
  },
  "lines": [
    {
      "id": 1,
      "nodes": [
        {
          "position": {
            "x": 4376.1675,
            "y": 4135.4736
          },
          "initTime": 200,
          "color": {
            "r": 0.0,
            "g": 1.0,
            "b": 0.0,
            "a": 1.0
          },
          "xInterpolator": {
            "setPoints": {
              "200.0": 4376.16748046875
            }
          },
          "yInterpolator": {
            "setPoints": {
              "200.0": 4135.4736328125
            }
          },
          "death": null,
          "alpha": 1.0,
          "screenPosition": {
            "x": -41.79883,
            "y": 650.48926
          }
        },
        {
          "position": {
            "x": 6561.054,
            "y": 4254.301
          },
          "initTime": 200,
          "color": {
            "r": 0.0,
            "g": 1.0,
            "b": 0.0,
            "a": 1.0
          },
          "xInterpolator": {
            "setPoints": {
              "200.0": 6561.05419921875
            }
          },
          "yInterpolator": {
            "setPoints": {
              "200.0": 4254.30078125
            }
          },
          "death": null,
          "alpha": 1.0,
          "screenPosition": {
            "x": 665.9546,
            "y": 688.98096
          }
        },
        {
          "position": {
            "x": 7684.163,
            "y": 4008.98
          },
          "initTime": 200,
          "color": {
            "r": 0.0,
            "g": 1.0,
            "b": 0.0,
            "a": 1.0
          },
          "xInterpolator": {
            "setPoints": {
              "200.0": 7684.1630859375
            }
          },
          "yInterpolator": {
            "setPoints": {
              "200.0": 4008.97998046875
            }
          },
          "death": null,
          "alpha": 1.0,
          "screenPosition": {
            "x": 1029.7646,
            "y": 609.51416
          }
        },
        {
          "position": {
            "x": 7841.3213,
            "y": 3886.3198
          },
          "initTime": 200,
          "color": {
            "r": 0.0,
            "g": 1.0,
            "b": 0.0,
            "a": 1.0
          },
          "xInterpolator": {
            "setPoints": {
              "200.0": 7841.3212890625
            }
          },
          "yInterpolator": {
            "setPoints": {
              "200.0": 3886.31982421875
            }
          },
          "death": null,
          "alpha": 1.0,
          "screenPosition": {
            "x": 1080.6733,
            "y": 569.7805
          }
        },
        {
          "position": {
            "x": 7496.3394,
            "y": 2935.7021
          },
          "initTime": 200,
          "color": {
            "r": 0.0,
            "g": 1.0,
            "b": 0.0,
            "a": 1.0
          },
          "xInterpolator": {
            "setPoints": {
              "200.0": 7496.33935546875
            }
          },
          "yInterpolator": {
            "setPoints": {
              "200.0": 2935.7021484375
            }
          },
          "death": null,
          "alpha": 1.0,
          "screenPosition": {
            "x": 968.92285,
            "y": 261.84546
          }
        },
        {
          "position": {
            "x": 4529.4927,
            "y": 2617.552
          },
          "initTime": 200,
          "color": {
            "r": 0.0,
            "g": 1.0,
            "b": 0.0,
            "a": 1.0
          },
          "xInterpolator": {
            "setPoints": {
              "200.0": 4529.49267578125
            }
          },
          "yInterpolator": {
            "setPoints": {
              "200.0": 2617.552001953125
            }
          },
          "death": null,
          "alpha": 1.0,
          "screenPosition": {
            "x": 7.867676,
            "y": 158.78662
          }
        },
        {
          "position": {
            "x": 4081.016,
            "y": 2491.0586
          },
          "initTime": 200,
          "color": {
            "r": 0.0,
            "g": 1.0,
            "b": 0.0,
            "a": 1.0
          },
          "xInterpolator": {
            "setPoints": {
              "200.0": 4081.01611328125
            }
          },
          "yInterpolator": {
            "setPoints": {
              "200.0": 2491.05859375
            }
          },
          "death": null,
          "alpha": 1.0,
          "screenPosition": {
            "x": -137.40771,
            "y": 117.81152
          }
        },
        {
          "position": {
            "x": 3678.5369,
            "y": 2870.539
          },
          "initTime": 200,
          "color": {
            "r": 0.0,
            "g": 1.0,
            "b": 0.0,
            "a": 1.0
          },
          "xInterpolator": {
            "setPoints": {
              "200.0": 3678.536865234375
            }
          },
          "yInterpolator": {
            "setPoints": {
              "200.0": 2870.5390625
            }
          },
          "death": null,
          "alpha": 1.0,
          "screenPosition": {
            "x": -267.7837,
            "y": 240.73706
          }
        }
      ],
      "lineThickness": 5.0,
      "color": "RED",
      "alpha": 0.0
    }
  ],
  "areas": [],
  "lineID": 1,
  "cachedImageDimensions": {
    "first": 10000,
    "second": 7197
  }
}